station_id,station_name,timestamp,temperature,humidity,pressure,source,scenario_id,scenario_type,fault_type,severity,ground_truth,is_anomaly,is_sensor_fault,event_start,event_end,affected_parameter,description
43150,Visakhapatnam (AWS008),2026-09-01T16:00:00Z,32.55,72.4,1016.21,SYNTHETIC_SIMULATION,SCN_VAL_BARO_DRIFT_43150,SINGLE_STATION_FAULT,PRESSURE_DRIFT,MODERATE,SENSOR_FAULT,1,1,2026-09-01T16:00:00Z,2026-09-02T01:00:00Z,pressure,Synthetic MODERATE pressure drift injection
43150,Visakhapatnam (AWS008),2026-09-01T17:00:00Z,31.38,72.9,1016.73,SYNTHETIC_SIMULATION,SCN_VAL_BARO_DRIFT_43150,SINGLE_STATION_FAULT,PRESSURE_DRIFT,MODERATE,SENSOR_FAULT,1,1,2026-09-01T16:00:00Z,2026-09-02T01:00:00Z,pressure,Synthetic MODERATE pressure drift injection
43150,Visakhapatnam (AWS008),2026-09-01T18:00:00Z,30.74,74.1,1017.02,SYNTHETIC_SIMULATION,SCN_VAL_BARO_DRIFT_43150,SINGLE_STATION_FAULT,PRESSURE_DRIFT,MODERATE,SENSOR_FAULT,1,1,2026-09-01T16:00:00Z,2026-09-02T01:00:00Z,pressure,Synthetic MODERATE pressure drift injection
43150,Visakhapatnam (AWS008),2026-09-01T19:00:00Z,30.12,77.4,1018.13,SYNTHETIC_SIMULATION,SCN_VAL_BARO_DRIFT_43150,SINGLE_STATION_FAULT,PRESSURE_DRIFT,MODERATE,SENSOR_FAULT,1,1,2026-09-01T16:00:00Z,2026-09-02T01:00:00Z,pressure,Synthetic MODERATE pressure drift injection
43150,Visakhapatnam (AWS008),2026-09-01T20:00:00Z,28.49,80.6,1019.91,SYNTHETIC_SIMULATION,SCN_VAL_BARO_DRIFT_43150,SINGLE_STATION_FAULT,PRESSURE_DRIFT,MODERATE,SENSOR_FAULT,1,1,2026-09-01T16:00:00Z,2026-09-02T01:00:00Z,pressure,Synthetic MODERATE pressure drift injection
43150,Visakhapatnam (AWS008),2026-09-01T21:00:00Z,26.9,85.7,1021.57,SYNTHETIC_SIMULATION,SCN_VAL_BARO_DRIFT_43150,SINGLE_STATION_FAULT,PRESSURE_DRIFT,MODERATE,SENSOR_FAULT,1,1,2026-09-01T16:00:00Z,2026-09-02T01:00:00Z,pressure,Synthetic MODERATE pressure drift injection
43150,Visakhapatnam (AWS008),2026-09-01T22:00:00Z,25.6,87.3,1023.03,SYNTHETIC_SIMULATION,SCN_VAL_BARO_DRIFT_43150,SINGLE_STATION_FAULT,PRESSURE_DRIFT,MODERATE,SENSOR_FAULT,1,1,2026-09-01T16:00:00Z,2026-09-02T01:00:00Z,pressure,Synthetic MODERATE pressure drift injection
43150,Visakhapatnam (AWS008),2026-09-01T23:00:00Z,24.6,90.9,1024.55,SYNTHETIC_SIMULATION,SCN_VAL_BARO_DRIFT_43150,SINGLE_STATION_FAULT,PRESSURE_DRIFT,MODERATE,SENSOR_FAULT,1,1,2026-09-01T16:00:00Z,2026-09-02T01:00:00Z,pressure,Synthetic MODERATE pressure drift injection
43150,Visakhapatnam (AWS008),2026-09-02T00:00:00Z,23.97,93.5,1025.24,SYNTHETIC_SIMULATION,SCN_VAL_BARO_DRIFT_43150,SINGLE_STATION_FAULT,PRESSURE_DRIFT,MODERATE,SENSOR_FAULT,1,1,2026-09-01T16:00:00Z,2026-09-02T01:00:00Z,pressure,Synthetic MODERATE pressure drift injection
43150,Visakhapatnam (AWS008),2026-09-02T01:00:00Z,22.71,94.8,1026.25,SYNTHETIC_SIMULATION,SCN_VAL_BARO_DRIFT_43150,SINGLE_STATION_FAULT,PRESSURE_DRIFT,MODERATE,SENSOR_FAULT,1,1,2026-09-01T16:00:00Z,2026-09-02T01:00:00Z,pressure,Synthetic MODERATE pressure drift injection
43150,Visakhapatnam (AWS008),2026-09-08T18:00:00Z,36.6,65.7,1009.73,SYNTHETIC_SIMULATION,SCN_TEST_SPIKE_MILD_43150,SINGLE_STATION_FAULT,TEMPERATURE_SPIKE,MILD,SENSOR_FAULT,1,1,2026-09-08T18:00:00Z,2026-09-08T20:00:00Z,temperature,Synthetic MILD temperature spike injection
43150,Visakhapatnam (AWS008),2026-09-08T19:00:00Z,35.56,71.8,1010.47,SYNTHETIC_SIMULATION,SCN_TEST_SPIKE_MILD_43150,SINGLE_STATION_FAULT,TEMPERATURE_SPIKE,MILD,SENSOR_FAULT,1,1,2026-09-08T18:00:00Z,2026-09-08T20:00:00Z,temperature,Synthetic MILD temperature spike injection
43150,Visakhapatnam (AWS008),2026-09-08T20:00:00Z,33.89,73.9,1010.11,SYNTHETIC_SIMULATION,SCN_TEST_SPIKE_MILD_43150,SINGLE_STATION_FAULT,TEMPERATURE_SPIKE,MILD,SENSOR_FAULT,1,1,2026-09-08T18:00:00Z,2026-09-08T20:00:00Z,temperature,Synthetic MILD temperature spike injection
43150,Visakhapatnam (AWS008),2026-09-11T07:00:00+00:00,25.96,87.8,1014.86,SYNTHETIC_SIMULATION,SCN_TEST_TIMESTAMP_43150,DATA_QUALITY,TIMESTAMP_ERROR,MODERATE,DATA_QUALITY_ISSUE,1,1,2026-09-12T07:00:00Z,2026-09-12T09:00:00Z,timestamp,Synthetic MODERATE timestamp error injection
43150,Visakhapatnam (AWS008),2026-09-11T08:00:00+00:00,27.37,83.5,1015.35,SYNTHETIC_SIMULATION,SCN_TEST_TIMESTAMP_43150,DATA_QUALITY,TIMESTAMP_ERROR,MODERATE,DATA_QUALITY_ISSUE,1,1,2026-09-12T07:00:00Z,2026-09-12T09:00:00Z,timestamp,Synthetic MODERATE timestamp error injection
43150,Visakhapatnam (AWS008),2026-09-11T09:00:00+00:00,28.14,82.5,1015.82,SYNTHETIC_SIMULATION,SCN_TEST_TIMESTAMP_43150,DATA_QUALITY,TIMESTAMP_ERROR,MODERATE,DATA_QUALITY_ISSUE,1,1,2026-09-12T07:00:00Z,2026-09-12T09:00:00Z,timestamp,Synthetic MODERATE timestamp error injection
43189,Vijayawada (AWS014),2026-08-28T12:00:00Z,37.34,53.4,1009.44,SYNTHETIC_SIMULATION,SCN_VAL_DRIFT_43189,SINGLE_STATION_FAULT,TEMPERATURE_DRIFT,MILD,SENSOR_FAULT,1,1,2026-08-28T12:00:00Z,2026-08-28T19:00:00Z,temperature,Synthetic MILD temperature drift injection
43189,Vijayawada (AWS014),2026-08-28T13:00:00Z,37.54,50.0,1008.99,SYNTHETIC_SIMULATION,SCN_VAL_DRIFT_43189,SINGLE_STATION_FAULT,TEMPERATURE_DRIFT,MILD,SENSOR_FAULT,1,1,2026-08-28T12:00:00Z,2026-08-28T19:00:00Z,temperature,Synthetic MILD temperature drift injection
43189,Vijayawada (AWS014),2026-08-28T14:00:00Z,38.57,49.4,1008.4,SYNTHETIC_SIMULATION,SCN_VAL_DRIFT_43189,SINGLE_STATION_FAULT,TEMPERATURE_DRIFT,MILD,SENSOR_FAULT,1,1,2026-08-28T12:00:00Z,2026-08-28T19:00:00Z,temperature,Synthetic MILD temperature drift injection
43189,Vijayawada (AWS014),2026-08-28T15:00:00Z,38.49,49.3,1007.72,SYNTHETIC_SIMULATION,SCN_VAL_DRIFT_43189,SINGLE_STATION_FAULT,TEMPERATURE_DRIFT,MILD,SENSOR_FAULT,1,1,2026-08-28T12:00:00Z,2026-08-28T19:00:00Z,temperature,Synthetic MILD temperature drift injection
43189,Vijayawada (AWS014),2026-08-28T16:00:00Z,39.02,51.3,1006.92,SYNTHETIC_SIMULATION,SCN_VAL_DRIFT_43189,SINGLE_STATION_FAULT,TEMPERATURE_DRIFT,MILD,SENSOR_FAULT,1,1,2026-08-28T12:00:00Z,2026-08-28T19:00:00Z,temperature,Synthetic MILD temperature drift injection
43189,Vijayawada (AWS014),2026-08-28T17:00:00Z,38.77,50.3,1006.15,SYNTHETIC_SIMULATION,SCN_VAL_DRIFT_43189,SINGLE_STATION_FAULT,TEMPERATURE_DRIFT,MILD,SENSOR_FAULT,1,1,2026-08-28T12:00:00Z,2026-08-28T19:00:00Z,temperature,Synthetic MILD temperature drift injection
43189,Vijayawada (AWS014),2026-08-28T18:00:00Z,37.99,55.2,1005.84,SYNTHETIC_SIMULATION,SCN_VAL_DRIFT_43189,SINGLE_STATION_FAULT,TEMPERATURE_DRIFT,MILD,SENSOR_FAULT,1,1,2026-08-28T12:00:00Z,2026-08-28T19:00:00Z,temperature,Synthetic MILD temperature drift injection
43189,Vijayawada (AWS014),2026-08-28T19:00:00Z,37.67,56.9,1005.65,SYNTHETIC_SIMULATION,SCN_VAL_DRIFT_43189,SINGLE_STATION_FAULT,TEMPERATURE_DRIFT,MILD,SENSOR_FAULT,1,1,2026-08-28T12:00:00Z,2026-08-28T19:00:00Z,temperature,Synthetic MILD temperature drift injection
43189,Vijayawada (AWS014),2026-08-30T04:00:00Z,37.42,72.3,1004.21,SYNTHETIC_SIMULATION,SCN_VAL_SPIKE_43189,SINGLE_STATION_FAULT,TEMPERATURE_SPIKE,MODERATE,SENSOR_FAULT,1,1,2026-08-30T04:00:00Z,2026-08-30T07:00:00Z,temperature,Synthetic MODERATE temperature spike injection
43189,Vijayawada (AWS014),2026-08-30T05:00:00Z,37.08,68.4,1003.62,SYNTHETIC_SIMULATION,SCN_VAL_SPIKE_43189,SINGLE_STATION_FAULT,TEMPERATURE_SPIKE,MODERATE,SENSOR_FAULT,1,1,2026-08-30T04:00:00Z,2026-08-30T07:00:00Z,temperature,Synthetic MODERATE temperature spike injection
43189,Vijayawada (AWS014),2026-08-30T06:00:00Z,38.91,66.0,1003.64,SYNTHETIC_SIMULATION,SCN_VAL_SPIKE_43189,SINGLE_STATION_FAULT,TEMPERATURE_SPIKE,MODERATE,SENSOR_FAULT,1,1,2026-08-30T04:00:00Z,2026-08-30T07:00:00Z,temperature,Synthetic MODERATE temperature spike injection
43189,Vijayawada (AWS014),2026-08-30T07:00:00Z,39.56,64.1,1004.0,SYNTHETIC_SIMULATION,SCN_VAL_SPIKE_43189,SINGLE_STATION_FAULT,TEMPERATURE_SPIKE,MODERATE,SENSOR_FAULT,1,1,2026-08-30T04:00:00Z,2026-08-30T07:00:00Z,temperature,Synthetic MODERATE temperature spike injection
43189,Vijayawada (AWS014),2026-09-06T16:00:00Z,37.24,55.3,1010.67,SYNTHETIC_SIMULATION,SCN_TEST_CASE_A_ISOLATED_DRIFT_43189,SINGLE_STATION_FAULT,TEMPERATURE_DRIFT,SEVERE,SENSOR_FAULT,1,1,2026-09-06T16:00:00Z,2026-09-07T01:00:00Z,temperature,Synthetic SEVERE temperature drift injection
43189,Vijayawada (AWS014),2026-09-06T17:00:00Z,38.22,57.3,1009.84,SYNTHETIC_SIMULATION,SCN_TEST_CASE_A_ISOLATED_DRIFT_43189,SINGLE_STATION_FAULT,TEMPERATURE_DRIFT,SEVERE,SENSOR_FAULT,1,1,2026-09-06T16:00:00Z,2026-09-07T01:00:00Z,temperature,Synthetic SEVERE temperature drift injection
43189,Vijayawada (AWS014),2026-09-06T18:00:00Z,39.18,61.7,1009.86,SYNTHETIC_SIMULATION,SCN_TEST_CASE_A_ISOLATED_DRIFT_43189,SINGLE_STATION_FAULT,TEMPERATURE_DRIFT,SEVERE,SENSOR_FAULT,1,1,2026-09-06T16:00:00Z,2026-09-07T01:00:00Z,temperature,Synthetic SEVERE temperature drift injection
43189,Vijayawada (AWS014),2026-09-06T19:00:00Z,39.85,64.1,1010.55,SYNTHETIC_SIMULATION,SCN_TEST_CASE_A_ISOLATED_DRIFT_43189,SINGLE_STATION_FAULT,TEMPERATURE_DRIFT,SEVERE,SENSOR_FAULT,1,1,2026-09-06T16:00:00Z,2026-09-07T01:00:00Z,temperature,Synthetic SEVERE temperature drift injection
43189,Vijayawada (AWS014),2026-09-06T20:00:00Z,40.35,68.3,1011.0,SYNTHETIC_SIMULATION,SCN_TEST_CASE_A_ISOLATED_DRIFT_43189,SINGLE_STATION_FAULT,TEMPERATURE_DRIFT,SEVERE,SENSOR_FAULT,1,1,2026-09-06T16:00:00Z,2026-09-07T01:00:00Z,temperature,Synthetic SEVERE temperature drift injection
43189,Vijayawada (AWS014),2026-09-06T21:00:00Z,40.57,70.2,1011.5,SYNTHETIC_SIMULATION,SCN_TEST_CASE_A_ISOLATED_DRIFT_43189,SINGLE_STATION_FAULT,TEMPERATURE_DRIFT,SEVERE,SENSOR_FAULT,1,1,2026-09-06T16:00:00Z,2026-09-07T01:00:00Z,temperature,Synthetic SEVERE temperature drift injection
43189,Vijayawada (AWS014),2026-09-06T22:00:00Z,41.3,74.2,1012.59,SYNTHETIC_SIMULATION,SCN_TEST_CASE_A_ISOLATED_DRIFT_43189,SINGLE_STATION_FAULT,TEMPERATURE_DRIFT,SEVERE,SENSOR_FAULT,1,1,2026-09-06T16:00:00Z,2026-09-07T01:00:00Z,temperature,Synthetic SEVERE temperature drift injection
43189,Vijayawada (AWS014),2026-09-06T23:00:00Z,41.86,78.9,1012.38,SYNTHETIC_SIMULATION,SCN_TEST_CASE_A_ISOLATED_DRIFT_43189,SINGLE_STATION_FAULT,TEMPERATURE_DRIFT,SEVERE,SENSOR_FAULT,1,1,2026-09-06T16:00:00Z,2026-09-07T01:00:00Z,temperature,Synthetic SEVERE temperature drift injection
43189,Vijayawada (AWS014),2026-09-07T00:00:00Z,42.89,80.0,1012.73,SYNTHETIC_SIMULATION,SCN_TEST_CASE_A_ISOLATED_DRIFT_43189,SINGLE_STATION_FAULT,TEMPERATURE_DRIFT,SEVERE,SENSOR_FAULT,1,1,2026-09-06T16:00:00Z,2026-09-07T01:00:00Z,temperature,Synthetic SEVERE temperature drift injection
43189,Vijayawada (AWS014),2026-09-07T01:00:00Z,43.86,81.7,1012.76,SYNTHETIC_SIMULATION,SCN_TEST_CASE_A_ISOLATED_DRIFT_43189,SINGLE_STATION_FAULT,TEMPERATURE_DRIFT,SEVERE,SENSOR_FAULT,1,1,2026-09-06T16:00:00Z,2026-09-07T01:00:00Z,temperature,Synthetic SEVERE temperature drift injection
43189,Vijayawada (AWS014),2026-09-11T16:00:00Z,35.91,50.9,1008.79,SYNTHETIC_SIMULATION,SCN_TEST_DUPLICATE_43189,DATA_QUALITY,DUPLICATE_DATA,MODERATE,DATA_QUALITY_ISSUE,1,1,2026-09-11T16:00:00Z,2026-09-11T21:00:00Z,all,Synthetic MODERATE duplicate data injection
43189,Vijayawada (AWS014),2026-09-11T17:00:00Z,35.91,50.9,1008.79,SYNTHETIC_SIMULATION,SCN_TEST_DUPLICATE_43189,DATA_QUALITY,DUPLICATE_DATA,MODERATE,DATA_QUALITY_ISSUE,1,1,2026-09-11T16:00:00Z,2026-09-11T21:00:00Z,all,Synthetic MODERATE duplicate data injection
43189,Vijayawada (AWS014),2026-09-11T18:00:00Z,35.91,50.9,1008.79,SYNTHETIC_SIMULATION,SCN_TEST_DUPLICATE_43189,DATA_QUALITY,DUPLICATE_DATA,MODERATE,DATA_QUALITY_ISSUE,1,1,2026-09-11T16:00:00Z,2026-09-11T21:00:00Z,all,Synthetic MODERATE duplicate data injection
43189,Vijayawada (AWS014),2026-09-11T19:00:00Z,35.91,50.9,1008.79,SYNTHETIC_SIMULATION,SCN_TEST_DUPLICATE_43189,DATA_QUALITY,DUPLICATE_DATA,MODERATE,DATA_QUALITY_ISSUE,1,1,2026-09-11T16:00:00Z,2026-09-11T21:00:00Z,all,Synthetic MODERATE duplicate data injection
43189,Vijayawada (AWS014),2026-09-11T20:00:00Z,35.91,50.9,1008.79,SYNTHETIC_SIMULATION,SCN_TEST_DUPLICATE_43189,DATA_QUALITY,DUPLICATE_DATA,MODERATE,DATA_QUALITY_ISSUE,1,1,2026-09-11T16:00:00Z,2026-09-11T21:00:00Z,all,Synthetic MODERATE duplicate data injection
43189,Vijayawada (AWS014),2026-09-11T21:00:00Z,35.91,50.9,1008.79,SYNTHETIC_SIMULATION,SCN_TEST_DUPLICATE_43189,DATA_QUALITY,DUPLICATE_DATA,MODERATE,DATA_QUALITY_ISSUE,1,1,2026-09-11T16:00:00Z,2026-09-11T21:00:00Z,all,Synthetic MODERATE duplicate data injection
43245,Tirupati (AWS021),2026-09-02T12:00:00Z,,,,SYNTHETIC_SIMULATION,SCN_VAL_MISSING_43245,DATA_QUALITY,MISSING_DATA,SEVERE,DATA_QUALITY_ISSUE,1,1,2026-09-02T12:00:00Z,2026-09-02T23:00:00Z,all,Synthetic SEVERE missing data injection
43245,Tirupati (AWS021),2026-09-02T13:00:00Z,,,,SYNTHETIC_SIMULATION,SCN_VAL_MISSING_43245,DATA_QUALITY,MISSING_DATA,SEVERE,DATA_QUALITY_ISSUE,1,1,2026-09-02T12:00:00Z,2026-09-02T23:00:00Z,all,Synthetic SEVERE missing data injection
43245,Tirupati (AWS021),2026-09-02T14:00:00Z,,,,SYNTHETIC_SIMULATION,SCN_VAL_MISSING_43245,DATA_QUALITY,MISSING_DATA,SEVERE,DATA_QUALITY_ISSUE,1,1,2026-09-02T12:00:00Z,2026-09-02T23:00:00Z,all,Synthetic SEVERE missing data injection
43245,Tirupati (AWS021),2026-09-02T15:00:00Z,,,,SYNTHETIC_SIMULATION,SCN_VAL_MISSING_43245,DATA_QUALITY,MISSING_DATA,SEVERE,DATA_QUALITY_ISSUE,1,1,2026-09-02T12:00:00Z,2026-09-02T23:00:00Z,all,Synthetic SEVERE missing data injection
43245,Tirupati (AWS021),2026-09-02T16:00:00Z,,,,SYNTHETIC_SIMULATION,SCN_VAL_MISSING_43245,DATA_QUALITY,MISSING_DATA,SEVERE,DATA_QUALITY_ISSUE,1,1,2026-09-02T12:00:00Z,2026-09-02T23:00:00Z,all,Synthetic SEVERE missing data injection
43245,Tirupati (AWS021),2026-09-02T17:00:00Z,,,,SYNTHETIC_SIMULATION,SCN_VAL_MISSING_43245,DATA_QUALITY,MISSING_DATA,SEVERE,DATA_QUALITY_ISSUE,1,1,2026-09-02T12:00:00Z,2026-09-02T23:00:00Z,all,Synthetic SEVERE missing data injection
43245,Tirupati (AWS021),2026-09-02T18:00:00Z,,,,SYNTHETIC_SIMULATION,SCN_VAL_MISSING_43245,DATA_QUALITY,MISSING_DATA,SEVERE,DATA_QUALITY_ISSUE,1,1,2026-09-02T12:00:00Z,2026-09-02T23:00:00Z,all,Synthetic SEVERE missing data injection
43245,Tirupati (AWS021),2026-09-02T19:00:00Z,,,,SYNTHETIC_SIMULATION,SCN_VAL_MISSING_43245,DATA_QUALITY,MISSING_DATA,SEVERE,DATA_QUALITY_ISSUE,1,1,2026-09-02T12:00:00Z,2026-09-02T23:00:00Z,all,Synthetic SEVERE missing data injection
43245,Tirupati (AWS021),2026-09-02T20:00:00Z,,,,SYNTHETIC_SIMULATION,SCN_VAL_MISSING_43245,DATA_QUALITY,MISSING_DATA,SEVERE,DATA_QUALITY_ISSUE,1,1,2026-09-02T12:00:00Z,2026-09-02T23:00:00Z,all,Synthetic SEVERE missing data injection
43245,Tirupati (AWS021),2026-09-02T21:00:00Z,,,,SYNTHETIC_SIMULATION,SCN_VAL_MISSING_43245,DATA_QUALITY,MISSING_DATA,SEVERE,DATA_QUALITY_ISSUE,1,1,2026-09-02T12:00:00Z,2026-09-02T23:00:00Z,all,Synthetic SEVERE missing data injection
43245,Tirupati (AWS021),2026-09-02T22:00:00Z,,,,SYNTHETIC_SIMULATION,SCN_VAL_MISSING_43245,DATA_QUALITY,MISSING_DATA,SEVERE,DATA_QUALITY_ISSUE,1,1,2026-09-02T12:00:00Z,2026-09-02T23:00:00Z,all,Synthetic SEVERE missing data injection
43245,Tirupati (AWS021),2026-09-02T23:00:00Z,,,,SYNTHETIC_SIMULATION,SCN_VAL_MISSING_43245,DATA_QUALITY,MISSING_DATA,SEVERE,DATA_QUALITY_ISSUE,1,1,2026-09-02T12:00:00Z,2026-09-02T23:00:00Z,all,Synthetic SEVERE missing data injection
43245,Tirupati (AWS021),2026-09-09T04:00:00Z,21.33,69.2,1001.56,SYNTHETIC_SIMULATION,SCN_TEST_DROP_MOD_43245,SINGLE_STATION_FAULT,TEMPERATURE_DROP,MODERATE,SENSOR_FAULT,1,1,2026-09-09T04:00:00Z,2026-09-09T07:00:00Z,temperature,Synthetic MODERATE temperature drop injection
43245,Tirupati (AWS021),2026-09-09T05:00:00Z,22.12,64.5,1001.22,SYNTHETIC_SIMULATION,SCN_TEST_DROP_MOD_43245,SINGLE_STATION_FAULT,TEMPERATURE_DROP,MODERATE,SENSOR_FAULT,1,1,2026-09-09T04:00:00Z,2026-09-09T07:00:00Z,temperature,Synthetic MODERATE temperature drop injection
43245,Tirupati (AWS021),2026-09-09T06:00:00Z,23.57,62.2,1000.48,SYNTHETIC_SIMULATION,SCN_TEST_DROP_MOD_43245,SINGLE_STATION_FAULT,TEMPERATURE_DROP,MODERATE,SENSOR_FAULT,1,1,2026-09-09T04:00:00Z,2026-09-09T07:00:00Z,temperature,Synthetic MODERATE temperature drop injection
43245,Tirupati (AWS021),2026-09-09T07:00:00Z,25.45,57.2,1000.82,SYNTHETIC_SIMULATION,SCN_TEST_DROP_MOD_43245,SINGLE_STATION_FAULT,TEMPERATURE_DROP,MODERATE,SENSOR_FAULT,1,1,2026-09-09T04:00:00Z,2026-09-09T07:00:00Z,temperature,Synthetic MODERATE temperature drop injection
43245,Tirupati (AWS021),2026-09-12T17:00:00Z,,,,SYNTHETIC_SIMULATION,SCN_TEST_COMM_FAIL_43245,COMMUNICATION,COMMUNICATION_FAILURE,MODERATE,COMMUNICATION_FAULT,1,1,2026-09-12T17:00:00Z,2026-09-13T00:00:00Z,all,Synthetic MODERATE communication failure injection
43245,Tirupati (AWS021),2026-09-12T18:00:00Z,,,,SYNTHETIC_SIMULATION,SCN_TEST_COMM_FAIL_43245,COMMUNICATION,COMMUNICATION_FAILURE,MODERATE,COMMUNICATION_FAULT,1,1,2026-09-12T17:00:00Z,2026-09-13T00:00:00Z,all,Synthetic MODERATE communication failure injection
43245,Tirupati (AWS021),2026-09-12T19:00:00Z,,,,SYNTHETIC_SIMULATION,SCN_TEST_COMM_FAIL_43245,COMMUNICATION,COMMUNICATION_FAILURE,MODERATE,COMMUNICATION_FAULT,1,1,2026-09-12T17:00:00Z,2026-09-13T00:00:00Z,all,Synthetic MODERATE communication failure injection
43245,Tirupati (AWS021),2026-09-12T20:00:00Z,,,,SYNTHETIC_SIMULATION,SCN_TEST_COMM_FAIL_43245,COMMUNICATION,COMMUNICATION_FAILURE,MODERATE,COMMUNICATION_FAULT,1,1,2026-09-12T17:00:00Z,2026-09-13T00:00:00Z,all,Synthetic MODERATE communication failure injection
43245,Tirupati (AWS021),2026-09-12T21:00:00Z,,,,SYNTHETIC_SIMULATION,SCN_TEST_COMM_FAIL_43245,COMMUNICATION,COMMUNICATION_FAILURE,MODERATE,COMMUNICATION_FAULT,1,1,2026-09-12T17:00:00Z,2026-09-13T00:00:00Z,all,Synthetic MODERATE communication failure injection
43245,Tirupati (AWS021),2026-09-12T22:00:00Z,,,,SYNTHETIC_SIMULATION,SCN_TEST_COMM_FAIL_43245,COMMUNICATION,COMMUNICATION_FAILURE,MODERATE,COMMUNICATION_FAULT,1,1,2026-09-12T17:00:00Z,2026-09-13T00:00:00Z,all,Synthetic MODERATE communication failure injection
43245,Tirupati (AWS021),2026-09-12T23:00:00Z,,,,SYNTHETIC_SIMULATION,SCN_TEST_COMM_FAIL_43245,COMMUNICATION,COMMUNICATION_FAILURE,MODERATE,COMMUNICATION_FAULT,1,1,2026-09-12T17:00:00Z,2026-09-13T00:00:00Z,all,Synthetic MODERATE communication failure injection
43245,Tirupati (AWS021),2026-09-13T00:00:00Z,,,,SYNTHETIC_SIMULATION,SCN_TEST_COMM_FAIL_43245,COMMUNICATION,COMMUNICATION_FAILURE,MODERATE,COMMUNICATION_FAULT,1,1,2026-09-12T17:00:00Z,2026-09-13T00:00:00Z,all,Synthetic MODERATE communication failure injection
AWS002,Guntur (AWS002),2026-08-31T00:00:00Z,28.77,72.4,1007.9,SYNTHETIC_SIMULATION,SCN_VAL_FROZEN_AWS002,SINGLE_STATION_FAULT,FROZEN_SENSOR,MODERATE,SENSOR_FAULT,1,1,2026-08-31T00:00:00Z,2026-08-31T07:00:00Z,"temperature,humidity",Synthetic MODERATE frozen sensor injection
AWS002,Guntur (AWS002),2026-08-31T01:00:00Z,28.77,72.4,1008.31,SYNTHETIC_SIMULATION,SCN_VAL_FROZEN_AWS002,SINGLE_STATION_FAULT,FROZEN_SENSOR,MODERATE,SENSOR_FAULT,1,1,2026-08-31T00:00:00Z,2026-08-31T07:00:00Z,"temperature,humidity",Synthetic MODERATE frozen sensor injection
AWS002,Guntur (AWS002),2026-08-31T02:00:00Z,28.77,72.4,1007.69,SYNTHETIC_SIMULATION,SCN_VAL_FROZEN_AWS002,SINGLE_STATION_FAULT,FROZEN_SENSOR,MODERATE,SENSOR_FAULT,1,1,2026-08-31T00:00:00Z,2026-08-31T07:00:00Z,"temperature,humidity",Synthetic MODERATE frozen sensor injection
AWS002,Guntur (AWS002),2026-08-31T03:00:00Z,28.77,72.4,1007.75,SYNTHETIC_SIMULATION,SCN_VAL_FROZEN_AWS002,SINGLE_STATION_FAULT,FROZEN_SENSOR,MODERATE,SENSOR_FAULT,1,1,2026-08-31T00:00:00Z,2026-08-31T07:00:00Z,"temperature,humidity",Synthetic MODERATE frozen sensor injection
AWS002,Guntur (AWS002),2026-08-31T04:00:00Z,28.77,72.4,1006.77,SYNTHETIC_SIMULATION,SCN_VAL_FROZEN_AWS002,SINGLE_STATION_FAULT,FROZEN_SENSOR,MODERATE,SENSOR_FAULT,1,1,2026-08-31T00:00:00Z,2026-08-31T07:00:00Z,"temperature,humidity",Synthetic MODERATE frozen sensor injection
AWS002,Guntur (AWS002),2026-08-31T05:00:00Z,28.77,72.4,1006.32,SYNTHETIC_SIMULATION,SCN_VAL_FROZEN_AWS002,SINGLE_STATION_FAULT,FROZEN_SENSOR,MODERATE,SENSOR_FAULT,1,1,2026-08-31T00:00:00Z,2026-08-31T07:00:00Z,"temperature,humidity",Synthetic MODERATE frozen sensor injection
AWS002,Guntur (AWS002),2026-08-31T06:00:00Z,28.77,72.4,1005.97,SYNTHETIC_SIMULATION,SCN_VAL_FROZEN_AWS002,SINGLE_STATION_FAULT,FROZEN_SENSOR,MODERATE,SENSOR_FAULT,1,1,2026-08-31T00:00:00Z,2026-08-31T07:00:00Z,"temperature,humidity",Synthetic MODERATE frozen sensor injection
AWS002,Guntur (AWS002),2026-08-31T07:00:00Z,28.77,72.4,1007.22,SYNTHETIC_SIMULATION,SCN_VAL_FROZEN_AWS002,SINGLE_STATION_FAULT,FROZEN_SENSOR,MODERATE,SENSOR_FAULT,1,1,2026-08-31T00:00:00Z,2026-08-31T07:00:00Z,"temperature,humidity",Synthetic MODERATE frozen sensor injection
AWS002,Guntur (AWS002),2026-09-10T10:00:00Z,36.22,54.0,1029.61,SYNTHETIC_SIMULATION,SCN_TEST_BARO_SPIKE_AWS002,SINGLE_STATION_FAULT,PRESSURE_SPIKE,SEVERE,SENSOR_FAULT,1,1,2026-09-10T10:00:00Z,2026-09-10T13:00:00Z,pressure,Synthetic SEVERE pressure spike injection
AWS002,Guntur (AWS002),2026-09-10T11:00:00Z,36.99,52.8,1029.94,SYNTHETIC_SIMULATION,SCN_TEST_BARO_SPIKE_AWS002,SINGLE_STATION_FAULT,PRESSURE_SPIKE,SEVERE,SENSOR_FAULT,1,1,2026-09-10T10:00:00Z,2026-09-10T13:00:00Z,pressure,Synthetic SEVERE pressure spike injection
AWS002,Guntur (AWS002),2026-09-10T12:00:00Z,38.7,46.8,1030.65,SYNTHETIC_SIMULATION,SCN_TEST_BARO_SPIKE_AWS002,SINGLE_STATION_FAULT,PRESSURE_SPIKE,SEVERE,SENSOR_FAULT,1,1,2026-09-10T10:00:00Z,2026-09-10T13:00:00Z,pressure,Synthetic SEVERE pressure spike injection
AWS002,Guntur (AWS002),2026-09-10T13:00:00Z,39.06,48.1,1030.56,SYNTHETIC_SIMULATION,SCN_TEST_BARO_SPIKE_AWS002,SINGLE_STATION_FAULT,PRESSURE_SPIKE,SEVERE,SENSOR_FAULT,1,1,2026-09-10T10:00:00Z,2026-09-10T13:00:00Z,pressure,Synthetic SEVERE pressure spike injection
AWS004,Machilipatnam (AWS004),2026-08-31T20:00:00Z,29.78,90.6,1012.16,SYNTHETIC_SIMULATION,SCN_VAL_HUM_SPIKE_AWS004,SINGLE_STATION_FAULT,HUMIDITY_SPIKE,MILD,SENSOR_FAULT,1,1,2026-08-31T20:00:00Z,2026-09-01T01:00:00Z,humidity,Synthetic MILD humidity spike injection
AWS004,Machilipatnam (AWS004),2026-08-31T21:00:00Z,28.22,93.2,1012.53,SYNTHETIC_SIMULATION,SCN_VAL_HUM_SPIKE_AWS004,SINGLE_STATION_FAULT,HUMIDITY_SPIKE,MILD,SENSOR_FAULT,1,1,2026-08-31T20:00:00Z,2026-09-01T01:00:00Z,humidity,Synthetic MILD humidity spike injection
AWS004,Machilipatnam (AWS004),2026-08-31T22:00:00Z,26.76,,1013.68,SYNTHETIC_SIMULATION,SCN_VAL_HUM_SPIKE_AWS004,SINGLE_STATION_FAULT,HUMIDITY_SPIKE,MILD,SENSOR_FAULT,1,1,2026-08-31T20:00:00Z,2026-09-01T01:00:00Z,humidity,Synthetic MILD humidity spike injection
AWS004,Machilipatnam (AWS004),2026-08-31T23:00:00Z,25.62,100.0,1014.0,SYNTHETIC_SIMULATION,SCN_VAL_HUM_SPIKE_AWS004,SINGLE_STATION_FAULT,HUMIDITY_SPIKE,MILD,SENSOR_FAULT,1,1,2026-08-31T20:00:00Z,2026-09-01T01:00:00Z,humidity,Synthetic MILD humidity spike injection
AWS004,Machilipatnam (AWS004),2026-09-01T00:00:00Z,24.49,100.0,1014.46,SYNTHETIC_SIMULATION,SCN_VAL_HUM_SPIKE_AWS004,SINGLE_STATION_FAULT,HUMIDITY_SPIKE,MILD,SENSOR_FAULT,1,1,2026-08-31T20:00:00Z,2026-09-01T01:00:00Z,humidity,Synthetic MILD humidity spike injection
AWS004,Machilipatnam (AWS004),2026-09-01T01:00:00Z,23.83,100.0,1014.62,SYNTHETIC_SIMULATION,SCN_VAL_HUM_SPIKE_AWS004,SINGLE_STATION_FAULT,HUMIDITY_SPIKE,MILD,SENSOR_FAULT,1,1,2026-08-31T20:00:00Z,2026-09-01T01:00:00Z,humidity,Synthetic MILD humidity spike injection
AWS004,Machilipatnam (AWS004),2026-09-11T01:00:00Z,26.43,86.6,1010.92,SYNTHETIC_SIMULATION,SCN_TEST_FROZEN_AWS004,SINGLE_STATION_FAULT,FROZEN_SENSOR,SEVERE,SENSOR_FAULT,1,1,2026-09-11T01:00:00Z,2026-09-11T10:00:00Z,all,Synthetic SEVERE frozen sensor injection
AWS004,Machilipatnam (AWS004),2026-09-11T02:00:00Z,26.43,86.6,1010.92,SYNTHETIC_SIMULATION,SCN_TEST_FROZEN_AWS004,SINGLE_STATION_FAULT,FROZEN_SENSOR,SEVERE,SENSOR_FAULT,1,1,2026-09-11T01:00:00Z,2026-09-11T10:00:00Z,all,Synthetic SEVERE frozen sensor injection
AWS004,Machilipatnam (AWS004),2026-09-11T03:00:00Z,26.43,86.6,1010.92,SYNTHETIC_SIMULATION,SCN_TEST_FROZEN_AWS004,SINGLE_STATION_FAULT,FROZEN_SENSOR,SEVERE,SENSOR_FAULT,1,1,2026-09-11T01:00:00Z,2026-09-11T10:00:00Z,all,Synthetic SEVERE frozen sensor injection
AWS004,Machilipatnam (AWS004),2026-09-11T04:00:00Z,26.43,86.6,1010.92,SYNTHETIC_SIMULATION,SCN_TEST_FROZEN_AWS004,SINGLE_STATION_FAULT,FROZEN_SENSOR,SEVERE,SENSOR_FAULT,1,1,2026-09-11T01:00:00Z,2026-09-11T10:00:00Z,all,Synthetic SEVERE frozen sensor injection
AWS004,Machilipatnam (AWS004),2026-09-11T05:00:00Z,26.43,86.6,1010.92,SYNTHETIC_SIMULATION,SCN_TEST_FROZEN_AWS004,SINGLE_STATION_FAULT,FROZEN_SENSOR,SEVERE,SENSOR_FAULT,1,1,2026-09-11T01:00:00Z,2026-09-11T10:00:00Z,all,Synthetic SEVERE frozen sensor injection
AWS004,Machilipatnam (AWS004),2026-09-11T06:00:00Z,26.43,86.6,1010.92,SYNTHETIC_SIMULATION,SCN_TEST_FROZEN_AWS004,SINGLE_STATION_FAULT,FROZEN_SENSOR,SEVERE,SENSOR_FAULT,1,1,2026-09-11T01:00:00Z,2026-09-11T10:00:00Z,all,Synthetic SEVERE frozen sensor injection
AWS004,Machilipatnam (AWS004),2026-09-11T07:00:00Z,26.43,86.6,1010.92,SYNTHETIC_SIMULATION,SCN_TEST_FROZEN_AWS004,SINGLE_STATION_FAULT,FROZEN_SENSOR,SEVERE,SENSOR_FAULT,1,1,2026-09-11T01:00:00Z,2026-09-11T10:00:00Z,all,Synthetic SEVERE frozen sensor injection
AWS004,Machilipatnam (AWS004),2026-09-11T08:00:00Z,26.43,86.6,1010.92,SYNTHETIC_SIMULATION,SCN_TEST_FROZEN_AWS004,SINGLE_STATION_FAULT,FROZEN_SENSOR,SEVERE,SENSOR_FAULT,1,1,2026-09-11T01:00:00Z,2026-09-11T10:00:00Z,all,Synthetic SEVERE frozen sensor injection
AWS004,Machilipatnam (AWS004),2026-09-11T09:00:00Z,26.43,86.6,1010.92,SYNTHETIC_SIMULATION,SCN_TEST_FROZEN_AWS004,SINGLE_STATION_FAULT,FROZEN_SENSOR,SEVERE,SENSOR_FAULT,1,1,2026-09-11T01:00:00Z,2026-09-11T10:00:00Z,all,Synthetic SEVERE frozen sensor injection
AWS004,Machilipatnam (AWS004),2026-09-11T10:00:00Z,26.43,86.6,1010.92,SYNTHETIC_SIMULATION,SCN_TEST_FROZEN_AWS004,SINGLE_STATION_FAULT,FROZEN_SENSOR,SEVERE,SENSOR_FAULT,1,1,2026-09-11T01:00:00Z,2026-09-11T10:00:00Z,all,Synthetic SEVERE frozen sensor injection
HYD_AWS_01,Hyderabad (AWS030),2026-09-03T08:00:00Z,35.05,82.9,1006.62,SYNTHETIC_SIMULATION,SCN_VAL_MULTI_HYD,SINGLE_STATION_FAULT,MULTIVARIATE_INCONSISTENCY,MILD,SENSOR_FAULT,1,1,2026-09-03T08:00:00Z,2026-09-03T13:00:00Z,multivariate,Synthetic MILD multivariate inconsistency injection
HYD_AWS_01,Hyderabad (AWS030),2026-09-03T09:00:00Z,37.46,73.2,1007.69,SYNTHETIC_SIMULATION,SCN_VAL_MULTI_HYD,SINGLE_STATION_FAULT,MULTIVARIATE_INCONSISTENCY,MILD,SENSOR_FAULT,1,1,2026-09-03T08:00:00Z,2026-09-03T13:00:00Z,multivariate,Synthetic MILD multivariate inconsistency injection
HYD_AWS_01,Hyderabad (AWS030),2026-09-03T10:00:00Z,39.01,69.5,1007.85,SYNTHETIC_SIMULATION,SCN_VAL_MULTI_HYD,SINGLE_STATION_FAULT,MULTIVARIATE_INCONSISTENCY,MILD,SENSOR_FAULT,1,1,2026-09-03T08:00:00Z,2026-09-03T13:00:00Z,multivariate,Synthetic MILD multivariate inconsistency injection
HYD_AWS_01,Hyderabad (AWS030),2026-09-03T11:00:00Z,40.78,62.7,1007.99,SYNTHETIC_SIMULATION,SCN_VAL_MULTI_HYD,SINGLE_STATION_FAULT,MULTIVARIATE_INCONSISTENCY,MILD,SENSOR_FAULT,1,1,2026-09-03T08:00:00Z,2026-09-03T13:00:00Z,multivariate,Synthetic MILD multivariate inconsistency injection
HYD_AWS_01,Hyderabad (AWS030),2026-09-03T12:00:00Z,42.36,61.1,1008.22,SYNTHETIC_SIMULATION,SCN_VAL_MULTI_HYD,SINGLE_STATION_FAULT,MULTIVARIATE_INCONSISTENCY,MILD,SENSOR_FAULT,1,1,2026-09-03T08:00:00Z,2026-09-03T13:00:00Z,multivariate,Synthetic MILD multivariate inconsistency injection
HYD_AWS_01,Hyderabad (AWS030),2026-09-03T13:00:00Z,42.99,55.4,1007.88,SYNTHETIC_SIMULATION,SCN_VAL_MULTI_HYD,SINGLE_STATION_FAULT,MULTIVARIATE_INCONSISTENCY,MILD,SENSOR_FAULT,1,1,2026-09-03T08:00:00Z,2026-09-03T13:00:00Z,multivariate,Synthetic MILD multivariate inconsistency injection
HYD_AWS_01,Hyderabad (AWS030),2026-09-09T19:00:00Z,36.74,46.2,1003.83,SYNTHETIC_SIMULATION,SCN_TEST_HUM_DRIFT_HYD,SINGLE_STATION_FAULT,HUMIDITY_DRIFT,MODERATE,SENSOR_FAULT,1,1,2026-09-09T19:00:00Z,2026-09-10T04:00:00Z,humidity,Synthetic MODERATE humidity drift injection
HYD_AWS_01,Hyderabad (AWS030),2026-09-09T20:00:00Z,35.01,51.1,1004.58,SYNTHETIC_SIMULATION,SCN_TEST_HUM_DRIFT_HYD,SINGLE_STATION_FAULT,HUMIDITY_DRIFT,MODERATE,SENSOR_FAULT,1,1,2026-09-09T19:00:00Z,2026-09-10T04:00:00Z,humidity,Synthetic MODERATE humidity drift injection
HYD_AWS_01,Hyderabad (AWS030),2026-09-09T21:00:00Z,32.66,53.1,1005.03,SYNTHETIC_SIMULATION,SCN_TEST_HUM_DRIFT_HYD,SINGLE_STATION_FAULT,HUMIDITY_DRIFT,MODERATE,SENSOR_FAULT,1,1,2026-09-09T19:00:00Z,2026-09-10T04:00:00Z,humidity,Synthetic MODERATE humidity drift injection
HYD_AWS_01,Hyderabad (AWS030),2026-09-09T22:00:00Z,30.94,58.7,1005.71,SYNTHETIC_SIMULATION,SCN_TEST_HUM_DRIFT_HYD,SINGLE_STATION_FAULT,HUMIDITY_DRIFT,MODERATE,SENSOR_FAULT,1,1,2026-09-09T19:00:00Z,2026-09-10T04:00:00Z,humidity,Synthetic MODERATE humidity drift injection
HYD_AWS_01,Hyderabad (AWS030),2026-09-09T23:00:00Z,29.42,61.7,1006.13,SYNTHETIC_SIMULATION,SCN_TEST_HUM_DRIFT_HYD,SINGLE_STATION_FAULT,HUMIDITY_DRIFT,MODERATE,SENSOR_FAULT,1,1,2026-09-09T19:00:00Z,2026-09-10T04:00:00Z,humidity,Synthetic MODERATE humidity drift injection
HYD_AWS_01,Hyderabad (AWS030),2026-09-10T00:00:00Z,28.31,63.3,1006.75,SYNTHETIC_SIMULATION,SCN_TEST_HUM_DRIFT_HYD,SINGLE_STATION_FAULT,HUMIDITY_DRIFT,MODERATE,SENSOR_FAULT,1,1,2026-09-09T19:00:00Z,2026-09-10T04:00:00Z,humidity,Synthetic MODERATE humidity drift injection
HYD_AWS_01,Hyderabad (AWS030),2026-09-10T01:00:00Z,27.05,64.2,1006.32,SYNTHETIC_SIMULATION,SCN_TEST_HUM_DRIFT_HYD,SINGLE_STATION_FAULT,HUMIDITY_DRIFT,MODERATE,SENSOR_FAULT,1,1,2026-09-09T19:00:00Z,2026-09-10T04:00:00Z,humidity,Synthetic MODERATE humidity drift injection
HYD_AWS_01,Hyderabad (AWS030),2026-09-10T02:00:00Z,25.6,62.9,1006.11,SYNTHETIC_SIMULATION,SCN_TEST_HUM_DRIFT_HYD,SINGLE_STATION_FAULT,HUMIDITY_DRIFT,MODERATE,SENSOR_FAULT,1,1,2026-09-09T19:00:00Z,2026-09-10T04:00:00Z,humidity,Synthetic MODERATE humidity drift injection
HYD_AWS_01,Hyderabad (AWS030),2026-09-10T03:00:00Z,25.99,62.6,1005.55,SYNTHETIC_SIMULATION,SCN_TEST_HUM_DRIFT_HYD,SINGLE_STATION_FAULT,HUMIDITY_DRIFT,MODERATE,SENSOR_FAULT,1,1,2026-09-09T19:00:00Z,2026-09-10T04:00:00Z,humidity,Synthetic MODERATE humidity drift injection
HYD_AWS_01,Hyderabad (AWS030),2026-09-10T04:00:00Z,26.33,59.7,1004.46,SYNTHETIC_SIMULATION,SCN_TEST_HUM_DRIFT_HYD,SINGLE_STATION_FAULT,HUMIDITY_DRIFT,MODERATE,SENSOR_FAULT,1,1,2026-09-09T19:00:00Z,2026-09-10T04:00:00Z,humidity,Synthetic MODERATE humidity drift injection
HYD_AWS_01,Hyderabad (AWS030),2026-09-13T06:00:00Z,42.5,96.0,1010.0,SYNTHETIC_SIMULATION,SCN_TEST_MULTI_HYD,SINGLE_STATION_FAULT,MULTIVARIATE_INCONSISTENCY,MODERATE,SENSOR_FAULT,1,1,2026-09-13T06:00:00Z,2026-09-13T11:00:00Z,multivariate,Synthetic MODERATE multivariate inconsistency injection
HYD_AWS_01,Hyderabad (AWS030),2026-09-13T07:00:00Z,42.5,96.0,,SYNTHETIC_SIMULATION,SCN_TEST_MULTI_HYD,SINGLE_STATION_FAULT,MULTIVARIATE_INCONSISTENCY,MODERATE,SENSOR_FAULT,1,1,2026-09-13T06:00:00Z,2026-09-13T11:00:00Z,multivariate,Synthetic MODERATE multivariate inconsistency injection
HYD_AWS_01,Hyderabad (AWS030),2026-09-13T08:00:00Z,42.5,96.0,1010.6,SYNTHETIC_SIMULATION,SCN_TEST_MULTI_HYD,SINGLE_STATION_FAULT,MULTIVARIATE_INCONSISTENCY,MODERATE,SENSOR_FAULT,1,1,2026-09-13T06:00:00Z,2026-09-13T11:00:00Z,multivariate,Synthetic MODERATE multivariate inconsistency injection
HYD_AWS_01,Hyderabad (AWS030),2026-09-13T09:00:00Z,42.5,96.0,1011.25,SYNTHETIC_SIMULATION,SCN_TEST_MULTI_HYD,SINGLE_STATION_FAULT,MULTIVARIATE_INCONSISTENCY,MODERATE,SENSOR_FAULT,1,1,2026-09-13T06:00:00Z,2026-09-13T11:00:00Z,multivariate,Synthetic MODERATE multivariate inconsistency injection
HYD_AWS_01,Hyderabad (AWS030),2026-09-13T10:00:00Z,42.5,96.0,1011.8,SYNTHETIC_SIMULATION,SCN_TEST_MULTI_HYD,SINGLE_STATION_FAULT,MULTIVARIATE_INCONSISTENCY,MODERATE,SENSOR_FAULT,1,1,2026-09-13T06:00:00Z,2026-09-13T11:00:00Z,multivariate,Synthetic MODERATE multivariate inconsistency injection
HYD_AWS_01,Hyderabad (AWS030),2026-09-13T11:00:00Z,42.5,96.0,1012.05,SYNTHETIC_SIMULATION,SCN_TEST_MULTI_HYD,SINGLE_STATION_FAULT,MULTIVARIATE_INCONSISTENCY,MODERATE,SENSOR_FAULT,1,1,2026-09-13T06:00:00Z,2026-09-13T11:00:00Z,multivariate,Synthetic MODERATE multivariate inconsistency injection
